txid,file
10029,10029_dataset.rds
10036,10036_dataset.rds
1004253,1004253_dataset.rds
1006061,1006061_dataset.rds
1006063,1006063_dataset.rds
1006581,1006581_dataset.rds
100835,100835_dataset.rds
10090,10090_dataset.rds
10092,10092_dataset.rds
10095,10095_dataset.rds
1010838,1010838_dataset.rds
10116,10116_dataset.rds
10141,10141_dataset.rds
1016852,1016852_dataset.rds
1016853,1016853_dataset.rds
1022,1022_dataset.rds
10224,10224_dataset.rds
10243,10243_dataset.rds
10244,10244_dataset.rds
10245,10245_dataset.rds
10249,10249_dataset.rds
10254,10254_dataset.rds
102617,102617_dataset.rds
10298,10298_dataset.rds
10299,10299_dataset.rds
10301,10301_dataset.rds
10304,10304_dataset.rds
10305,10305_dataset.rds
10306,10306_dataset.rds
10309,10309_dataset.rds
10310,10310_dataset.rds
10313,10313_dataset.rds
10315,10315_dataset.rds
10320,10320_dataset.rds
10323,10323_dataset.rds
10325,10325_dataset.rds
10326,10326_dataset.rds
10328,10328_dataset.rds
10330,10330_dataset.rds
10331,10331_dataset.rds
10335,10335_dataset.rds
10338,10338_dataset.rds
1033975,1033975_dataset.rds
10345,10345_dataset.rds
10359,10359_dataset.rds
10360,10360_dataset.rds
10363,10363_dataset.rds
10366,10366_dataset.rds
10369,10369_dataset.rds
10372,10372_dataset.rds
10376,10376_dataset_part01.rds
10376,10376_dataset_part02.rds
10377,10377_dataset.rds
103902,103902_dataset.rds
103903,103903_dataset.rds
103905,103905_dataset.rds
103906,103906_dataset.rds
103920,103920_dataset.rds
103929,103929_dataset.rds
10407,10407_dataset.rds
10408,10408_dataset.rds
10409,10409_dataset.rds
10410,10410_dataset.rds
10414,10414_dataset.rds
10419,10419_dataset.rds
10422,10422_dataset.rds
10423,10423_dataset.rds
10430,10430_dataset.rds
104388,104388_dataset.rds
1045775,1045775_dataset.rds
10479,10479_dataset.rds
10497,10497_dataset.rds
10498,10498_dataset.rds
10500,10500_dataset.rds
1050221,1050221_dataset.rds
10514,10514_dataset.rds
10515,10515_dataset.rds
10519,10519_dataset.rds
10521,10521_dataset.rds
1052158,1052158_dataset.rds
10524,10524_dataset.rds
10530,10530_dataset.rds
1053141,1053141_dataset.rds
10533,10533_dataset.rds
1055687,1055687_dataset.rds
10562,10562_dataset.rds
10566,10566_dataset.rds
10573,10573_dataset.rds
10574,10574_dataset.rds
10580,10580_dataset.rds
10583,10583_dataset.rds
10585,10585_dataset.rds
10586,10586_dataset.rds
10587,10587_dataset.rds
10588,10588_dataset.rds
10593,10593_dataset.rds
10595,10595_dataset.rds
10596,10596_dataset.rds
10598,10598_dataset.rds
10600,10600_dataset.rds
10611,10611_dataset.rds
10615,10615_dataset.rds
10618,10618_dataset.rds
10620,10620_dataset.rds
10623,10623_dataset.rds
106276,106276_dataset.rds
10632,10632_dataset.rds
10658,10658_dataset.rds
10665,10665_dataset.rds
1069537,1069537_dataset.rds
10760,10760_dataset.rds
1077284,1077284_dataset.rds
107819,107819_dataset.rds
10783,10783_dataset.rds
10788,10788_dataset.rds
10791,10791_dataset.rds
10796,10796_dataset.rds
10798,10798_dataset.rds
108,108_dataset.rds
10804,10804_dataset.rds
108098,108098_dataset.rds
1081927,1081927_dataset.rds
10863,10863_dataset.rds
10864,10864_dataset.rds
10879,10879_dataset.rds
10900,10900_dataset.rds
10903,10903_dataset.rds
10904,10904_dataset.rds
1091045,1091045_dataset.rds
10915,10915_dataset.rds
1091501,1091501_dataset.rds
10923,10923_dataset.rds
10927,10927_dataset.rds
10941,10941_dataset.rds
10962,10962_dataset.rds
10995,10995_dataset.rds
110195,110195_dataset.rds
11021,11021_dataset.rds
11033,11033_dataset.rds
11034,11034_dataset.rds
11036,11036_dataset.rds
11037,11037_dataset.rds
11038,11038_dataset.rds
11039,11039_dataset.rds
11041,11041_dataset.rds
11045,11045_dataset.rds
11047,11047_dataset.rds
11048,11048_dataset.rds
11049,11049_dataset.rds
11053,11053_dataset.rds
11059,11059_dataset.rds
11060,11060_dataset.rds
11062,11062_dataset.rds
11063,11063_dataset.rds
11064,11064_dataset.rds
11065,11065_dataset.rds
11066,11066_dataset.rds
11069,11069_dataset.rds
11070,11070_dataset.rds
11072,11072_dataset.rds
11077,11077_dataset.rds
11078,11078_dataset.rds
11079,11079_dataset.rds
11080,11080_dataset.rds
11081,11081_dataset.rds
11082,11082_dataset.rds
11083,11083_dataset.rds
11084,11084_dataset.rds
11087,11087_dataset.rds
1108849,1108849_dataset.rds
11089,11089_dataset.rds
11090,11090_dataset.rds
11096,11096_dataset.rds
11098,11098_dataset.rds
11099,11099_dataset.rds
11100,11100_dataset.rds
11103,11103_dataset.rds
11104,11104_dataset.rds
11105,11105_dataset.rds
11110,11110_dataset.rds
11112,11112_dataset.rds
11113,11113_dataset.rds
11114,11114_dataset.rds
11115,11115_dataset.rds
11116,11116_dataset.rds
11120,11120_dataset.rds
1112244,1112244_dataset.rds
1112254,1112254_dataset.rds
1112269,1112269_dataset.rds
11128,11128_dataset.rds
11131,11131_dataset.rds
11134,11134_dataset.rds
11135,11135_dataset.rds
11137,11137_dataset_part01.rds
11137,11137_dataset_part02.rds
11138,11138_dataset.rds
11142,11142_dataset.rds
11144,11144_dataset.rds
11149,11149_dataset.rds
11150,11150_dataset.rds
11151,11151_dataset.rds
1115815,1115815_dataset.rds
1115822,1115822_dataset.rds
1115825,1115825_dataset.rds
11171,11171_dataset.rds
1117322,1117322_dataset.rds
11178,11178_dataset.rds
11180,11180_dataset.rds
11191,11191_dataset.rds
11196,11196_dataset.rds
11198,11198_dataset.rds
11215,11215_dataset.rds
11217,11217_dataset.rds
11232,11232_dataset.rds
11234,11234_dataset.rds
11235,11235_dataset.rds
11236,11236_dataset.rds
11239,11239_dataset.rds
11240,11240_dataset.rds
11241,11241_dataset.rds
11243,11243_dataset.rds
11246,11246_dataset.rds
11250,11250_dataset.rds
11251,11251_dataset.rds
11252,11252_dataset.rds
11253,11253_dataset.rds
11255,11255_dataset.rds
11256,11256_dataset.rds
11259,11259_dataset.rds
11260,11260_dataset.rds
11269,11269_dataset.rds
11276,11276_dataset.rds
11277,11277_dataset.rds
11278,11278_dataset.rds
11288,11288_dataset.rds
11292,11292_dataset.rds
11295,11295_dataset.rds
11296,11296_dataset.rds
11319,11319_dataset.rds
11320,11320_dataset.rds
1133363,1133363_dataset.rds
1133968,1133968_dataset.rds
11357,11357_dataset.rds
11363,11363_dataset.rds
1138874,1138874_dataset.rds
11397,11397_dataset.rds
1144025,1144025_dataset.rds
114742,114742_dataset.rds
11553,11553_dataset.rds
115711,115711_dataset.rds
115713,115713_dataset.rds
11577,11577_dataset.rds
11588,11588_dataset.rds
11590,11590_dataset.rds
11602,11602_dataset.rds
11620,11620_dataset.rds
11622,11622_dataset.rds
11623,11623_dataset.rds
11624,11624_dataset.rds
11627,11627_dataset.rds
11636,11636_dataset.rds
1163697,1163697_dataset.rds
11642,11642_dataset.rds
11660,11660_dataset.rds
11661,11661_dataset.rds
11662,11662_dataset.rds
11665,11665_dataset.rds
11668,11668_dataset.rds
11671,11671_dataset.rds
11672,11672_dataset.rds
11674,11674_dataset.rds
11676,11676_dataset.rds
11678,11678_dataset.rds
11685,11685_dataset.rds
11688,11688_dataset.rds
11691,11691_dataset.rds
11696,11696_dataset.rds
11698,11698_dataset.rds
11701,11701_dataset.rds
11705,11705_dataset.rds
11706,11706_dataset.rds
11709,11709_dataset.rds
1171667,1171667_dataset.rds
117204,117204_dataset.rds
1172206,1172206_dataset.rds
1173018,1173018_dataset.rds
11743,11743_dataset.rds
1176035,1176035_dataset.rds
11764,11764_dataset.rds
11780,11780_dataset.rds
11790,11790_dataset.rds
11795,11795_dataset.rds
11812,11812_dataset.rds
11824,11824_dataset.rds
11864,11864_dataset.rds
11901,11901_dataset.rds
11908,11908_dataset.rds
11909,11909_dataset.rds
11926,11926_dataset.rds
11927,11927_dataset.rds
1193576,1193576_dataset.rds
11942,11942_dataset.rds
119602,119602_dataset.rds
11963,11963_dataset.rds
11976,11976_dataset.rds
11980,11980_dataset.rds
11981,11981_dataset.rds
11983,11983_dataset.rds
1198676,1198676_dataset.rds
12060,12060_dataset.rds
12063,12063_dataset.rds
12064,12064_dataset.rds
12067,12067_dataset.rds
12071,12071_dataset.rds
12072,12072_dataset.rds
12073,12073_dataset.rds
12075,12075_dataset.rds
12077,12077_dataset.rds
12078,12078_dataset.rds
12080,12080_dataset.rds
12081,12081_dataset.rds
12082,12082_dataset.rds
12086,12086_dataset.rds
12088,12088_dataset.rds
12092,12092_dataset.rds
12093,12093_dataset.rds
12098,12098_dataset.rds
12099,12099_dataset.rds
12107,12107_dataset.rds
12110,12110_dataset.rds
12111,12111_dataset.rds
12112,12112_dataset.rds
12114,12114_dataset.rds
12115,12115_dataset.rds
12116,12116_dataset.rds
12117,12117_dataset.rds
12118,12118_dataset.rds
12120,12120_dataset.rds
121224,121224_dataset.rds
12125,12125_dataset.rds
12130,12130_dataset.rds
12131,12131_dataset.rds
12132,12132_dataset.rds
1214225,1214225_dataset.rds
12146,12146_dataset.rds
12161,12161_dataset.rds
12162,12162_dataset.rds
121759,121759_dataset.rds
121791,121791_dataset.rds
12211,12211_dataset.rds
12216,12216_dataset.rds
12232,12232_dataset.rds
122355,122355_dataset.rds
12242,12242_dataset.rds
12246,12246_dataset.rds
1225860,1225860_dataset.rds
122587,122587_dataset.rds
12260,12260_dataset.rds
122928,122928_dataset.rds
122929,122929_dataset.rds
12305,12305_dataset.rds
1235996,1235996_dataset.rds
123734,123734_dataset.rds
1237627,1237627_dataset.rds
1239567,1239567_dataset.rds
1241973,1241973_dataset.rds
12455,12455_dataset.rds
12475,12475_dataset.rds
12509,12509_dataset.rds
1254,1254_dataset.rds
12637,12637_dataset.rds
1263720,1263720_dataset.rds
12639,12639_dataset.rds
12663,12663_dataset.rds
126793,126793_dataset.rds
1268303,1268303_dataset.rds
1270,1270_dataset.rds
12750,12750_dataset.rds
1280,1280_dataset.rds
1283332,1283332_dataset.rds
1283333,1283333_dataset.rds
1285902,1285902_dataset.rds
1286616,1286616_dataset.rds
128951,128951_dataset.rds
128952,128952_dataset.rds
1292,1292_dataset.rds
1292392,1292392_dataset.rds
129788,129788_dataset.rds
129875,129875_dataset.rds
1299,1299_dataset.rds
1302858,1302858_dataset.rds
1303,1303_dataset.rds
130663,130663_dataset.rds
1306931,1306931_dataset.rds
1307,1307_dataset.rds
130760,130760_dataset.rds
130763,130763_dataset.rds
1309,1309_dataset.rds
1310,1310_dataset.rds
13101,13101_dataset.rds
1310532,1310532_dataset.rds
1311,1311_dataset.rds
1313,1313_dataset.rds
1314,1314_dataset.rds
1317,1317_dataset.rds
1317064,1317064_dataset.rds
1320,1320_dataset.rds
1321999,1321999_dataset.rds
132487,132487_dataset.rds
132504,132504_dataset.rds
1330520,1330520_dataset.rds
1331831,1331831_dataset.rds
1334,1334_dataset.rds
1335626,1335626_dataset_part01.rds
1335626,1335626_dataset_part02.rds
1335626,1335626_dataset_part03.rds
1335626,1335626_dataset_part04.rds
1335626,1335626_dataset_part05.rds
1335626,1335626_dataset_part06.rds
1335626,1335626_dataset_part07.rds
1336,1336_dataset.rds
133704,133704_dataset.rds
1337063,1337063_dataset.rds
1337393,1337393_dataset.rds
1338035,1338035_dataset.rds
13415,13415_dataset.rds
1342394,1342394_dataset.rds
13451,13451_dataset.rds
1347340,1347340_dataset.rds
1349,1349_dataset.rds
1349999,1349999_dataset.rds
1352357,1352357_dataset.rds
136187,136187_dataset.rds
13677,13677_dataset.rds
1368314,1368314_dataset.rds
137886,137886_dataset.rds
138950,138950_dataset.rds
138951,138951_dataset.rds
139,139_dataset.rds
1390,1390_dataset.rds
1391998,1391998_dataset.rds
1392,1392_dataset.rds
139270,139270_dataset.rds
1396,1396_dataset.rds
1399582,1399582_dataset.rds
1401444,1401444_dataset.rds
1403514,1403514_dataset.rds
1405296,1405296_dataset.rds
1406148,1406148_dataset.rds
1415834,1415834_dataset.rds
1415851,1415851_dataset.rds
1415852,1415852_dataset.rds
1422,1422_dataset.rds
1423892,1423892_dataset.rds
1427371,1427371_dataset.rds
1428,1428_dataset.rds
1435060,1435060_dataset.rds
1440170,1440170_dataset.rds
1457141,1457141_dataset.rds
1457153,1457153_dataset.rds
1458279,1458279_dataset.rds
1463165,1463165_dataset.rds
146500,146500_dataset.rds
147272,147272_dataset.rds
1476909,1476909_dataset.rds
147711,147711_dataset.rds
1477937,1477937_dataset.rds
1479610,1479610_dataset.rds
148363,148363_dataset.rds
1487703,1487703_dataset.rds
1491,1491_dataset.rds
1495253,1495253_dataset.rds
1496,1496_dataset.rds
150127,150127_dataset.rds
1502,1502_dataset.rds
1503296,1503296_dataset.rds
1503299,1503299_dataset.rds
1503300,1503300_dataset.rds
1503301,1503301_dataset.rds
1503302,1503302_dataset.rds
1503303,1503303_dataset.rds
1508227,1508227_dataset_part01.rds
1508227,1508227_dataset_part02.rds
150846,150846_dataset.rds
1513,1513_dataset.rds
15368,15368_dataset.rds
155218,155218_dataset.rds
155220,155220_dataset.rds
155864,155864_dataset.rds
1570291,1570291_dataset.rds
1577715,1577715_dataset.rds
157914,157914_dataset.rds
1585,1585_dataset.rds
1586324,1586324_dataset.rds
159449,159449_dataset.rds
15957,15957_dataset.rds
160,160_dataset.rds
160490,160490_dataset.rds
161,161_dataset.rds
1613,1613_dataset.rds
161600,161600_dataset.rds
162326,162326_dataset.rds
1639,1639_dataset.rds
164326,164326_dataset.rds
165512,165512_dataset.rds
1661,1661_dataset.rds
166124,166124_dataset.rds
166951,166951_dataset.rds
16719,16719_dataset.rds
1678143,1678143_dataset.rds
168014,168014_dataset.rds
1697974,1697974_dataset.rds
1699095,1699095_dataset.rds
1699361,1699361_dataset.rds
169963,169963_dataset.rds
170342,170342_dataset.rds
171101,171101_dataset.rds
171370,171370_dataset.rds
1714621,1714621_dataset.rds
1717,1717_dataset.rds
1719,1719_dataset.rds
171929,171929_dataset.rds
172149,172149_dataset.rds
173,173_dataset.rds
1739614,1739614_dataset.rds
1763596,1763596_dataset.rds
1764,1764_dataset.rds
1765,1765_dataset.rds
1768,1768_dataset.rds
1769,1769_dataset.rds
1770,1770_dataset.rds
1773,1773_dataset.rds
177416,177416_dataset.rds
1778,1778_dataset.rds
1783,1783_dataset.rds
1803956,1803956_dataset.rds
180454,180454_dataset.rds
180498,180498_dataset.rds
182082,182082_dataset.rds
183741,183741_dataset.rds
183764,183764_dataset.rds
185431,185431_dataset.rds
185894,185894_dataset.rds
186538,186538_dataset.rds
186539,186539_dataset.rds
186540,186540_dataset.rds
186541,186541_dataset.rds
1868221,1868221_dataset.rds
1891729,1891729_dataset.rds
1891730,1891730_dataset.rds
1891762,1891762_dataset.rds
1891767,1891767_dataset.rds
189518,189518_dataset.rds
1895985,1895985_dataset.rds
190063,190063_dataset.rds
1906673,1906673_dataset.rds
1906931,1906931_dataset.rds
191218,191218_dataset.rds
1914447,1914447_dataset.rds
192222,192222_dataset.rds
1933298,1933298_dataset.rds
1933300,1933300_dataset.rds
194,194_dataset.rds
194959,194959_dataset.rds
195055,195055_dataset.rds
195099,195099_dataset.rds
195700,195700_dataset.rds
196,196_dataset.rds
196462,196462_dataset.rds
1965067,1965067_dataset.rds
1968303,1968303_dataset.rds
1968304,1968304_dataset.rds
1968861,1968861_dataset.rds
197,197_dataset.rds
1972699,1972699_dataset.rds
197589,197589_dataset.rds
197780,197780_dataset.rds
1980456,1980456_dataset.rds
1980459,1980459_dataset.rds
1980481,1980481_dataset.rds
1980485,1980485_dataset.rds
1980486,1980486_dataset.rds
1980490,1980490_dataset.rds
1980491,1980491_dataset.rds
1980494,1980494_dataset.rds
1980519,1980519_dataset.rds
199310,199310_dataset.rds
199738,199738_dataset.rds
2,2_dataset.rds
202496,202496_dataset.rds
2026007,2026007_dataset.rds
202813,202813_dataset.rds
203192,203192_dataset.rds
2032731,2032731_dataset.rds
205920,205920_dataset.rds
208435,208435_dataset.rds
208726,208726_dataset.rds
208893,208893_dataset.rds
208964,208964_dataset.rds
2099,2099_dataset.rds
210,210_dataset.rds
2100,2100_dataset.rds
210007,210007_dataset.rds
211044,211044_dataset.rds
2115988,2115988_dataset.rds
2116544,2116544_dataset.rds
211882,211882_dataset.rds
212042,212042_dataset.rds
2126133,2126133_dataset.rds
212717,212717_dataset.rds
214092,214092_dataset.rds
214697,214697_dataset.rds
215358,215358_dataset.rds
215681,215681_dataset.rds
216597,216597_dataset.rds
2169971,2169971_dataset.rds
2169986,2169986_dataset.rds
2169991,2169991_dataset.rds
2170197,2170197_dataset.rds
2170200,2170200_dataset.rds
2170201,2170201_dataset.rds
2170206,2170206_dataset.rds
218496,218496_dataset.rds
218497,218497_dataset.rds
220341,220341_dataset.rds
221016,221016_dataset.rds
221703,221703_dataset.rds
223997,223997_dataset.rds
2242,2242_dataset.rds
224308,224308_dataset.rds
224326,224326_dataset.rds
224914,224914_dataset.rds
226185,226185_dataset.rds
227377,227377_dataset.rds
227859,227859_dataset.rds
227861,227861_dataset.rds
227941,227941_dataset.rds
227984,227984_dataset.rds
227998,227998_dataset.rds
228330,228330_dataset.rds
228404,228404_dataset.rds
228407,228407_dataset.rds
229032,229032_dataset.rds
229206,229206_dataset.rds
229992,229992_dataset.rds
230236,230236_dataset.rds
230471,230471_dataset.rds
231422,231422_dataset.rds
231432,231432_dataset.rds
231454,231454_dataset.rds
233044,233044_dataset.rds
233413,233413_dataset.rds
235173,235173_dataset.rds
235279,235279_dataset.rds
235455,235455_dataset.rds
237561,237561_dataset.rds
239241,239241_dataset.rds
239243,239243_dataset.rds
239758,239758_dataset.rds
240550,240550_dataset.rds
240551,240551_dataset.rds
242231,242231_dataset.rds
242619,242619_dataset.rds
243161,243161_dataset.rds
243273,243273_dataset.rds
243276,243276_dataset.rds
243277,243277_dataset.rds
2439,2439_dataset.rds
244366,244366_dataset.rds
244950,244950_dataset.rds
246437,246437_dataset.rds
2465,2465_dataset.rds
246878,246878_dataset.rds
252654,252654_dataset.rds
253433,253433_dataset.rds
253634,253634_dataset.rds
254355,254355_dataset.rds
255729,255729_dataset.rds
255730,255730_dataset.rds
2560319,2560319_dataset.rds
2560580,2560580_dataset.rds
2560602,2560602_dataset.rds
256753,256753_dataset.rds
257313,257313_dataset.rds
258507,258507_dataset.rds
258508,258508_dataset.rds
258964,258964_dataset.rds
2593991,2593991_dataset.rds
260550,260550_dataset.rds
260743,260743_dataset.rds
260806,260806_dataset.rds
262316,262316_dataset.rds
262338,262338_dataset.rds
262698,262698_dataset.rds
262722,262722_dataset.rds
263815,263815_dataset.rds
264202,264202_dataset.rds
264371,264371_dataset.rds
264376,264376_dataset.rds
264378,264378_dataset.rds
264380,264380_dataset.rds
264381,264381_dataset.rds
264382,264382_dataset.rds
264383,264383_dataset.rds
264384,264384_dataset.rds
264387,264387_dataset.rds
264990,264990_dataset.rds
265124,265124_dataset.rds
265619,265619_dataset.rds
266827,266827_dataset.rds
267212,267212_dataset.rds
267671,267671_dataset.rds
269484,269484_dataset.rds
269638,269638_dataset.rds
2697049,2697049_dataset_part01.rds
2697049,2697049_dataset_part02.rds
2697049,2697049_dataset_part03.rds
269800,269800_dataset.rds
270478,270478_dataset.rds
2708335,2708335_dataset.rds
2709072,2709072_dataset.rds
271108,271108_dataset.rds
272560,272560_dataset.rds
272561,272561_dataset.rds
272569,272569_dataset.rds
272620,272620_dataset.rds
272626,272626_dataset.rds
272631,272631_dataset.rds
272633,272633_dataset.rds
272634,272634_dataset.rds
2730405,2730405_dataset.rds
273522,273522_dataset.rds
2736,2736_dataset.rds
2758382,2758382_dataset.rds
2772507,2772507_dataset.rds
277944,277944_dataset_part01.rds
277944,277944_dataset_part02.rds
277944,277944_dataset_part03.rds
279329,279329_dataset.rds
27990,27990_dataset.rds
280240,280240_dataset.rds
280855,280855_dataset.rds
28172,28172_dataset.rds
28227,28227_dataset.rds
282458,282458_dataset.rds
28280,28280_dataset.rds
28282,28282_dataset.rds
28284,28284_dataset.rds
28285,28285_dataset.rds
28295,28295_dataset.rds
28314,28314_dataset.rds
283166,283166_dataset.rds
28344,28344_dataset.rds
28375,28375_dataset.rds
284190,284190_dataset.rds
284202,284202_dataset.rds
284209,284209_dataset.rds
284218,284218_dataset.rds
28450,28450_dataset.rds
284672,284672_dataset.rds
2847138,2847138_dataset.rds
2847144,2847144_dataset.rds
2847173,2847173_dataset.rds
2848421,2848421_dataset.rds
285267,285267_dataset.rds
285945,285945_dataset.rds
285946,285946_dataset.rds
285947,285947_dataset.rds
285949,285949_dataset.rds
287,287_dataset.rds
2886930,2886930_dataset.rds
288705,288705_dataset.rds
28875,28875_dataset.rds
28903,28903_dataset.rds
28909,28909_dataset.rds
2898537,2898537_dataset.rds
290028,290028_dataset_part01.rds
290028,290028_dataset_part02.rds
290028,290028_dataset_part03.rds
2901879,2901879_dataset.rds
2905673,2905673_dataset.rds
2905917,2905917_dataset.rds
2907992,2907992_dataset.rds
291484,291484_dataset.rds
29159,29159_dataset.rds
291613,291613_dataset.rds
29170,29170_dataset.rds
29176,29176_dataset.rds
292039,292039_dataset.rds
292045,292045_dataset.rds
292349,292349_dataset.rds
292590,292590_dataset.rds
292633,292633_dataset.rds
29271,29271_dataset.rds
29320,29320_dataset.rds
293320,293320_dataset.rds
293321,293321_dataset.rds
29339,29339_dataset.rds
29355,29355_dataset.rds
29459,29459_dataset.rds
29507,29507_dataset.rds
29519,29519_dataset.rds
295358,295358_dataset.rds
29679,29679_dataset.rds
297245,297245_dataset.rds
29760,29760_dataset.rds
29780,29780_dataset.rds
298,298_dataset.rds
299335,299335_dataset.rds
300267,300267_dataset.rds
301447,301447_dataset.rds
301449,301449_dataset.rds
301478,301478_dataset.rds
30215,30215_dataset.rds
302272,302272_dataset.rds
302388,302388_dataset.rds
302409,302409_dataset.rds
303,303_dataset.rds
303316,303316_dataset.rds
304858,304858_dataset.rds
30522,30522_dataset.rds
305402,305402_dataset.rds
305403,305403_dataset.rds
305406,305406_dataset.rds
305407,305407_dataset.rds
305409,305409_dataset.rds
305411,305411_dataset.rds
305416,305416_dataset.rds
305417,305417_dataset.rds
305418,305418_dataset.rds
3055,3055_dataset.rds
306901,306901_dataset.rds
307044,307044_dataset.rds
307685,307685_dataset.rds
312027,312027_dataset.rds
312185,312185_dataset.rds
31273,31273_dataset.rds
314536,314536_dataset.rds
31514,31514_dataset.rds
31525,31525_dataset.rds
315277,315277_dataset.rds
31545,31545_dataset.rds
31552,31552_dataset.rds
31563,31563_dataset.rds
316,316_dataset.rds
31631,31631_dataset_part01.rds
31631,31631_dataset_part02.rds
31631,31631_dataset_part03.rds
31631,31631_dataset_part04.rds
31631,31631_dataset_part05.rds
31634,31634_dataset.rds
31635,31635_dataset.rds
316401,316401_dataset.rds
31642,31642_dataset.rds
31644,31644_dataset.rds
31645,31645_dataset.rds
31646,31646_dataset.rds
31647,31647_dataset.rds
31649,31649_dataset.rds
31650,31650_dataset.rds
31675,31675_dataset.rds
31704,31704_dataset.rds
31708,31708_dataset.rds
31715,31715_dataset.rds
31721,31721_dataset.rds
31764,31764_dataset.rds
31767,31767_dataset.rds
31768,31768_dataset.rds
32019,32019_dataset.rds
320372,320372_dataset.rds
320373,320373_dataset.rds
320483,320483_dataset.rds
320667,320667_dataset.rds
321147,321147_dataset.rds
321149,321149_dataset.rds
32201,32201_dataset.rds
322053,322053_dataset.rds
32278,32278_dataset.rds
32603,32603_dataset.rds
32604,32604_dataset.rds
32630,32630_dataset.rds
32644,32644_dataset.rds
328670,328670_dataset.rds
328671,328671_dataset.rds
329389,329389_dataset.rds
329852,329852_dataset.rds
330879,330879_dataset.rds
33127,33127_dataset.rds
331635,331635_dataset.rds
332747,332747_dataset.rds
333284,333284_dataset.rds
333668,333668_dataset.rds
333760,333760_dataset.rds
333761,333761_dataset.rds
333763,333763_dataset.rds
333849,333849_dataset.rds
333923,333923_dataset.rds
334203,334203_dataset.rds
334426,334426_dataset.rds
334589,334589_dataset.rds
3346,3346_dataset.rds
3352,3352_dataset.rds
335333,335333_dataset.rds
336092,336092_dataset.rds
336407,336407_dataset.rds
336792,336792_dataset.rds
3369,3369_dataset.rds
337042,337042_dataset.rds
337052,337052_dataset.rds
33706,33706_dataset.rds
33717,33717_dataset.rds
33725,33725_dataset.rds
33727,33727_dataset.rds
33741,33741_dataset.rds
33745,33745_dataset.rds
33747,33747_dataset.rds
33774,33774_dataset.rds
338478,338478_dataset.rds
338605,338605_dataset.rds
33959,33959_dataset.rds
341663,341663_dataset.rds
341946,341946_dataset.rds
342409,342409_dataset.rds
342614,342614_dataset.rds
343462,343462_dataset.rds
343463,343463_dataset.rds
344702,344702_dataset.rds
345076,345076_dataset.rds
34610,34610_dataset.rds
34631,34631_dataset.rds
34632,34632_dataset.rds
347257,347257_dataset.rds
347515,347515_dataset.rds
347536,347536_dataset.rds
347537,347537_dataset.rds
349342,349342_dataset.rds
349344,349344_dataset.rds
3505,3505_dataset.rds
350703,350703_dataset.rds
352034,352034_dataset.rds
35244,35244_dataset.rds
352515,352515_dataset.rds
352564,352564_dataset.rds
35269,35269_dataset.rds
352764,352764_dataset.rds
35288,35288_dataset.rds
353152,353152_dataset.rds
353153,353153_dataset_part01.rds
353153,353153_dataset_part02.rds
353153,353153_dataset_part03.rds
353153,353153_dataset_part04.rds
353153,353153_dataset_part05.rds
353153,353153_dataset_part06.rds
353153,353153_dataset_part07.rds
353153,353153_dataset_part08.rds
353153,353153_dataset_part09.rds
353153,353153_dataset_part10.rds
353153,353153_dataset_part11.rds
353153,353153_dataset_part12.rds
353153,353153_dataset_part13.rds
353153,353153_dataset_part14.rds
353153,353153_dataset_part15.rds
35327,35327_dataset.rds
35329,35329_dataset.rds
35330,35330_dataset.rds
35331,35331_dataset.rds
3559,3559_dataset.rds
3562,3562_dataset.rds
356391,356391_dataset.rds
356410,356410_dataset.rds
356411,356411_dataset.rds
356414,356414_dataset.rds
356415,356415_dataset.rds
356416,356416_dataset.rds
356418,356418_dataset.rds
356420,356420_dataset.rds
356424,356424_dataset.rds
356426,356426_dataset.rds
3567,3567_dataset.rds
35670,35670_dataset.rds
357208,357208_dataset.rds
357210,357210_dataset.rds
357244,357244_dataset.rds
357348,357348_dataset.rds
357355,357355_dataset.rds
358769,358769_dataset.rds
358805,358805_dataset.rds
359921,359921_dataset.rds
360116,360116_dataset.rds
360549,360549_dataset.rds
36087,36087_dataset.rds
3617,3617_dataset.rds
3625,3625_dataset.rds
362651,362651_dataset.rds
36329,36329_dataset_part01.rds
36329,36329_dataset_part02.rds
36351,36351_dataset.rds
36368,36368_dataset.rds
36374,36374_dataset.rds
36409,36409_dataset.rds
364106,364106_dataset.rds
36421,36421_dataset.rds
3645,3645_dataset.rds
3656,3656_dataset.rds
36596,36596_dataset.rds
366501,366501_dataset.rds
367110,367110_dataset.rds
367120,367120_dataset.rds
3677,3677_dataset.rds
36936,36936_dataset.rds
370128,370128_dataset.rds
3702,3702_dataset.rds
370554,370554_dataset.rds
3707,3707_dataset.rds
3708,3708_dataset.rds
370810,370810_dataset.rds
370811,370811_dataset.rds
37107,37107_dataset.rds
3711,3711_dataset.rds
37115,37115_dataset.rds
37120,37120_dataset.rds
371214,371214_dataset.rds
37124,37124_dataset.rds
37128,37128_dataset.rds
37137,37137_dataset.rds
371601,371601_dataset.rds
37207,37207_dataset.rds
37296,37296_dataset.rds
373153,373153_dataset.rds
37325,37325_dataset.rds
374833,374833_dataset.rds
374932,374932_dataset.rds
3750,3750_dataset.rds
375177,375177_dataset.rds
37546,37546_dataset.rds
3755,3755_dataset.rds
3758,3758_dataset.rds
3760,3760_dataset.rds
376469,376469_dataset.rds
376619,376619_dataset.rds
378830,378830_dataset.rds
38020,38020_dataset.rds
380213,380213_dataset.rds
380284,380284_dataset.rds
380301,380301_dataset.rds
380307,380307_dataset.rds
380342,380342_dataset.rds
380950,380950_dataset.rds
381512,381512_dataset.rds
381513,381513_dataset.rds
381516,381516_dataset.rds
381518,381518_dataset.rds
3816,3816_dataset.rds
38170,38170_dataset.rds
38171,38171_dataset.rds
3818,3818_dataset.rds
38251,38251_dataset.rds
382781,382781_dataset.rds
382820,382820_dataset.rds
382825,382825_dataset.rds
382832,382832_dataset.rds
382835,382835_dataset.rds
382848,382848_dataset.rds
383030,383030_dataset.rds
383231,383231_dataset.rds
383571,383571_dataset.rds
383586,383586_dataset.rds
384487,384487_dataset.rds
384495,384495_dataset.rds
384498,384498_dataset.rds
384499,384499_dataset.rds
384505,384505_dataset.rds
384510,384510_dataset.rds
3847,3847_dataset.rds
385583,385583_dataset.rds
385585,385585_dataset.rds
385600,385600_dataset.rds
385684,385684_dataset.rds
385685,385685_dataset.rds
385686,385686_dataset.rds
385687,385687_dataset.rds
386032,386032_dataset.rds
386270,386270_dataset.rds
3864,3864_dataset.rds
387139,387139_dataset.rds
387147,387147_dataset.rds
387161,387161_dataset.rds
3885,3885_dataset.rds
388536,388536_dataset.rds
389167,389167_dataset.rds
39002,39002_dataset.rds
390157,390157_dataset.rds
39054,39054_dataset.rds
391355,391355_dataset.rds
392021,392021_dataset.rds
392172,392172_dataset.rds
392809,392809_dataset.rds
392811,392811_dataset.rds
393115,393115_dataset.rds
393305,393305_dataset.rds
393555,393555_dataset.rds
393616,393616_dataset.rds
395019,395019_dataset.rds
39584,39584_dataset.rds
3972,3972_dataset.rds
3981,3981_dataset.rds
3988,3988_dataset.rds
398808,398808_dataset.rds
39947,39947_dataset.rds
40050,40050_dataset.rds
40051,40051_dataset.rds
400667,400667_dataset.rds
400788,400788_dataset.rds
400810,400810_dataset.rds
400828,400828_dataset.rds
401614,401614_dataset.rds
401671,401671_dataset.rds
40271,40271_dataset.rds
402938,402938_dataset.rds
40323,40323_dataset.rds
4045,4045_dataset.rds
404573,404573_dataset.rds
405955,405955_dataset.rds
406560,406560_dataset.rds
40697,40697_dataset.rds
406984,406984_dataset.rds
407134,407134_dataset.rds
407135,407135_dataset.rds
407136,407136_dataset.rds
407137,407137_dataset.rds
407138,407138_dataset.rds
407139,407139_dataset.rds
407140,407140_dataset.rds
407141,407141_dataset.rds
4081,4081_dataset.rds
40834,40834_dataset.rds
408685,408685_dataset.rds
408686,408686_dataset.rds
408687,408687_dataset.rds
408688,408688_dataset.rds
408689,408689_dataset.rds
408691,408691_dataset.rds
408693,408693_dataset.rds
408694,408694_dataset.rds
408870,408870_dataset.rds
408871,408871_dataset.rds
4097,4097_dataset.rds
410072,410072_dataset.rds
410078,410078_dataset.rds
410289,410289_dataset.rds
411157,411157_dataset.rds
4113,4113_dataset.rds
413041,413041_dataset.rds
413502,413502_dataset.rds
414044,414044_dataset.rds
4146,4146_dataset.rds
415166,415166_dataset.rds
415316,415316_dataset.rds
417758,417758_dataset.rds
418136,418136_dataset.rds
4182,4182_dataset.rds
41856,41856_dataset.rds
41857,41857_dataset.rds
418868,418868_dataset.rds
419947,419947_dataset.rds
42005,42005_dataset.rds
420174,420174_dataset.rds
420245,420245_dataset.rds
420521,420521_dataset.rds
42097,42097_dataset.rds
4212,4212_dataset.rds
421444,421444_dataset.rds
421472,421472_dataset.rds
4215,4215_dataset.rds
421877,421877_dataset.rds
421879,421879_dataset.rds
421901,421901_dataset.rds
422214,422214_dataset.rds
422216,422216_dataset.rds
4232,4232_dataset.rds
424717,424717_dataset.rds
425551,425551_dataset.rds
426430,426430_dataset.rds
42769,42769_dataset.rds
427773,427773_dataset.rds
42782,42782_dataset.rds
427826,427826_dataset.rds
42789,42789_dataset.rds
427890,427890_dataset.rds
431947,431947_dataset.rds
432070,432070_dataset.rds
432094,432094_dataset.rds
432359,432359_dataset.rds
43335,43335_dataset.rds
435258,435258_dataset.rds
43767,43767_dataset.rds
439184,439184_dataset.rds
439201,439201_dataset.rds
439855,439855_dataset.rds
441771,441771_dataset.rds
441952,441952_dataset.rds
44271,44271_dataset.rds
442736,442736_dataset.rds
44276,44276_dataset.rds
443149,443149_dataset.rds
443239,443239_dataset.rds
443240,443240_dataset.rds
443241,443241_dataset.rds
44386,44386_dataset.rds
444318,444318_dataset.rds
445983,445983_dataset.rds
445985,445985_dataset.rds
447133,447133_dataset.rds
449656,449656_dataset.rds
45029,45029_dataset.rds
4513,4513_dataset.rds
451516,451516_dataset.rds
4522,4522_dataset.rds
4530,4530_dataset.rds
453057,453057_dataset.rds
45409,45409_dataset.rds
4545,4545_dataset.rds
454951,454951_dataset.rds
454952,454952_dataset.rds
4550,4550_dataset.rds
455434,455434_dataset.rds
45617,45617_dataset.rds
456482,456482_dataset.rds
4565,4565_dataset.rds
45659,45659_dataset.rds
4577,4577_dataset.rds
4606,4606_dataset.rds
461772,461772_dataset.rds
46245,46245_dataset.rds
46290,46290_dataset.rds
464314,464314_dataset.rds
464622,464622_dataset.rds
46771,46771_dataset.rds
46835,46835_dataset.rds
468968,468968_dataset.rds
468972,468972_dataset.rds
469008,469008_dataset.rds
469009,469009_dataset.rds
46920,46920_dataset.rds
46932,46932_dataset.rds
46937,46937_dataset.rds
46941,46941_dataset.rds
470,470_dataset.rds
47000,47000_dataset.rds
47001,47001_dataset.rds
471472,471472_dataset.rds
471876,471876_dataset.rds
472511,472511_dataset.rds
47466,47466_dataset.rds
4754,4754_dataset.rds
476294,476294_dataset.rds
4784,4784_dataset.rds
479022,479022_dataset.rds
480,480_dataset.rds
480024,480024_dataset.rds
480116,480116_dataset.rds
482133,482133_dataset.rds
482134,482134_dataset.rds
485,485_dataset.rds
486410,486410_dataset.rds
486627,486627_dataset.rds
487,487_dataset.rds
487521,487521_dataset.rds
489459,489459_dataset.rds
489462,489462_dataset.rds
489463,489463_dataset.rds
489464,489464_dataset.rds
489468,489468_dataset.rds
489469,489469_dataset.rds
489472,489472_dataset.rds
489496,489496_dataset.rds
489503,489503_dataset.rds
489538,489538_dataset.rds
489543,489543_dataset.rds
489544,489544_dataset.rds
489821,489821_dataset.rds
489927,489927_dataset.rds
49011,49011_dataset.rds
490133,490133_dataset.rds
491,491_dataset.rds
4932,4932_dataset.rds
497380,497380_dataset.rds
498739,498739_dataset.rds
502101,502101_dataset.rds
502780,502780_dataset.rds
503764,503764_dataset.rds
504904,504904_dataset.rds
506282,506282_dataset.rds
506350,506350_dataset.rds
506391,506391_dataset.rds
5064,5064_dataset.rds
5076,5076_dataset.rds
507601,507601_dataset.rds
5077,5077_dataset.rds
508771,508771_dataset.rds
51022,51022_dataset.rds
510222,510222_dataset.rds
51031,51031_dataset.rds
51033,51033_dataset.rds
511145,511145_dataset.rds
511429,511429_dataset.rds
511430,511430_dataset.rds
511431,511431_dataset.rds
511432,511432_dataset.rds
51240,51240_dataset.rds
514193,514193_dataset.rds
515617,515617_dataset.rds
518946,518946_dataset.rds
518987,518987_dataset.rds
520,520_dataset.rds
520140,520140_dataset.rds
520141,520141_dataset.rds
521006,521006_dataset.rds
521009,521009_dataset.rds
524364,524364_dataset.rds
525279,525279_dataset.rds
525281,525281_dataset.rds
527020,527020_dataset.rds
529058,529058_dataset.rds
529507,529507_dataset.rds
53182,53182_dataset.rds
535026,535026_dataset.rds
537457,537457_dataset.rds
537923,537923_dataset.rds
539227,539227_dataset.rds
54290,54290_dataset.rds
543,543_dataset.rds
54315,54315_dataset.rds
54390,54390_dataset.rds
546984,546984_dataset.rds
5476,5476_dataset.rds
548470,548470_dataset.rds
548473,548473_dataset.rds
5501,5501_dataset.rds
5503,5503_dataset.rds
550672,550672_dataset.rds
55097,55097_dataset.rds
55194,55194_dataset.rds
553583,553583_dataset.rds
554,554_dataset.rds
5551,5551_dataset.rds
556,556_dataset.rds
556277,556277_dataset.rds
558553,558553_dataset.rds
559292,559292_dataset.rds
55951,55951_dataset.rds
5599,5599_dataset.rds
561275,561275_dataset.rds
561522,561522_dataset.rds
562,562_dataset.rds
562017,562017_dataset.rds
562988,562988_dataset.rds
562992,562992_dataset.rds
5659,5659_dataset.rds
565995,565995_dataset.rds
5661,5661_dataset.rds
5664,5664_dataset.rds
5665,5665_dataset.rds
5667,5667_dataset.rds
5671,5671_dataset.rds
5679,5679_dataset.rds
569161,569161_dataset.rds
5693,5693_dataset.rds
571800,571800_dataset.rds
5722,5722_dataset.rds
57267,57267_dataset.rds
57270,57270_dataset.rds
573,573_dataset.rds
573199,573199_dataset.rds
57372,57372_dataset.rds
573797,573797_dataset.rds
573977,573977_dataset.rds
5741,5741_dataset.rds
5755,5755_dataset.rds
5759,5759_dataset.rds
5762,5762_dataset.rds
57678,57678_dataset.rds
577543,577543_dataset.rds
580047,580047_dataset.rds
580058,580058_dataset.rds
580059,580059_dataset.rds
5802,5802_dataset.rds
5807,5807_dataset.rds
5811,5811_dataset.rds
5821,5821_dataset.rds
58216,58216_dataset.rds
58217,58217_dataset.rds
58218,58218_dataset.rds
5823,5823_dataset.rds
5824,5824_dataset.rds
5825,5825_dataset.rds
5826,5826_dataset.rds
5827,5827_dataset.rds
5833,5833_dataset.rds
5834,5834_dataset.rds
5835,5835_dataset.rds
5837,5837_dataset.rds
5839,5839_dataset.rds
584,584_dataset.rds
5841,5841_dataset.rds
5842,5842_dataset.rds
5843,5843_dataset.rds
5846,5846_dataset.rds
5848,5848_dataset.rds
5850,5850_dataset.rds
585034,585034_dataset.rds
5851,5851_dataset.rds
5855,5855_dataset.rds
5858,5858_dataset.rds
5861,5861_dataset.rds
5865,5865_dataset.rds
5866,5866_dataset.rds
5868,5868_dataset.rds
5872,5872_dataset.rds
5874,5874_dataset.rds
59300,59300_dataset.rds
59301,59301_dataset.rds
59375,59375_dataset.rds
60189,60189_dataset.rds
604162,604162_dataset.rds
604436,604436_dataset.rds
611,611_dataset.rds
614035,614035_dataset.rds
61673,61673_dataset.rds
6182,6182_dataset.rds
6183,6183_dataset.rds
6184,6184_dataset.rds
6192,6192_dataset.rds
619693,619693_dataset.rds
6198,6198_dataset.rds
6203,6203_dataset.rds
6204,6204_dataset.rds
6206,6206_dataset.rds
6207,6207_dataset.rds
6210,6210_dataset.rds
6211,6211_dataset.rds
623,623_dataset.rds
62330,62330_dataset.rds
6238,6238_dataset.rds
6239,6239_dataset.rds
624,624_dataset.rds
62449,62449_dataset.rds
6248,6248_dataset.rds
6269,6269_dataset.rds
627431,627431_dataset.rds
627433,627433_dataset.rds
627434,627434_dataset.rds
627439,627439_dataset.rds
627440,627440_dataset.rds
627442,627442_dataset.rds
6279,6279_dataset.rds
6282,6282_dataset_part01.rds
6282,6282_dataset_part02.rds
6282,6282_dataset_part03.rds
6282,6282_dataset_part04.rds
6293,6293_dataset.rds
630,630_dataset.rds
63106,63106_dataset.rds
6313,6313_dataset.rds
632,632_dataset.rds
632134,632134_dataset.rds
633137,633137_dataset.rds
633140,633140_dataset.rds
63330,63330_dataset.rds
6334,6334_dataset.rds
6339,6339_dataset.rds
63421,63421_dataset.rds
634464,634464_dataset.rds
63673,63673_dataset.rds
63746,63746_dataset.rds
638313,638313_dataset.rds
641501,641501_dataset.rds
641809,641809_dataset.rds
641812,641812_dataset.rds
642261,642261_dataset.rds
64293,64293_dataset.rds
64320,64320_dataset.rds
64382,64382_dataset.rds
644,644_dataset.rds
644289,644289_dataset.rds
644788,644788_dataset.rds
64495,64495_dataset.rds
645,645_dataset.rds
645463,645463_dataset.rds
645724,645724_dataset.rds
647096,647096_dataset.rds
647923,647923_dataset.rds
648238,648238_dataset.rds
648856,648856_dataset.rds
6491,6491_dataset.rds
6492,6492_dataset.rds
6493,6493_dataset.rds
6495,6495_dataset.rds
650130,650130_dataset.rds
652616,652616_dataset.rds
654811,654811_dataset.rds
656419,656419_dataset.rds
65743,65743_dataset.rds
660469,660469_dataset.rds
662,662_dataset.rds
666,666_dataset.rds
6661,6661_dataset.rds
666714,666714_dataset.rds
6687,6687_dataset.rds
6689,6689_dataset.rds
6690,6690_dataset.rds
670,670_dataset.rds
672,672_dataset.rds
672161,672161_dataset.rds
6728,6728_dataset.rds
67351,67351_dataset.rds
674,674_dataset.rds
675513,675513_dataset.rds
6761,6761_dataset.rds
680690,680690_dataset.rds
680692,680692_dataset.rds
680693,680693_dataset.rds
683780,683780_dataset.rds
6853,6853_dataset.rds
6858,6858_dataset.rds
6860,6860_dataset.rds
687386,687386_dataset.rds
687387,687387_dataset.rds
6878,6878_dataset.rds
6887,6887_dataset.rds
68887,68887_dataset.rds
689403,689403_dataset.rds
69008,69008_dataset.rds
69156,69156_dataset.rds
6938,6938_dataset.rds
694007,694007_dataset.rds
694008,694008_dataset.rds
694009,694009_dataset_part01.rds
694009,694009_dataset_part02.rds
6941,6941_dataset.rds
6945,6945_dataset.rds
6954,6954_dataset.rds
6956,6956_dataset.rds
6973,6973_dataset.rds
6978,6978_dataset.rds
7004,7004_dataset.rds
70175,70175_dataset.rds
707882,707882_dataset.rds
711466,711466_dataset.rds
71366,71366_dataset.rds
7137,7137_dataset.rds
71421,71421_dataset.rds
714978,714978_dataset.rds
7154,7154_dataset.rds
7155,7155_dataset.rds
7160,7160_dataset.rds
722424,722424_dataset.rds
722438,722438_dataset.rds
7227,7227_dataset.rds
7234,7234_dataset.rds
724,724_dataset.rds
72539,72539_dataset.rds
72556,72556_dataset.rds
72664,72664_dataset.rds
727,727_dataset.rds
73239,73239_dataset.rds
73475,73475_dataset.rds
73482,73482_dataset.rds
738,738_dataset.rds
741353,741353_dataset.rds
742005,742005_dataset.rds
7441,7441_dataset.rds
74437,74437_dataset.rds
7444,7444_dataset.rds
7453,7453_dataset.rds
7454,7454_dataset.rds
7460,7460_dataset.rds
746073,746073_dataset.rds
746128,746128_dataset.rds
747,747_dataset.rds
74722,74722_dataset.rds
754366,754366_dataset.rds
754503,754503_dataset.rds
759363,759363_dataset.rds
75985,75985_dataset.rds
766147,766147_dataset.rds
76912,76912_dataset.rds
770,770_dataset.rds
77153,77153_dataset.rds
7719,7719_dataset.rds
7741,7741_dataset.rds
777,777_dataset.rds
7787,7787_dataset.rds
7788,7788_dataset.rds
784,784_dataset.rds
79327,79327_dataset.rds
795438,795438_dataset.rds
7955,7955_dataset.rds
7957,7957_dataset.rds
7959,7959_dataset.rds
7962,7962_dataset.rds
79685,79685_dataset.rds
79698,79698_dataset.rds
79699,79699_dataset.rds
79889,79889_dataset.rds
79923,79923_dataset.rds
8005,8005_dataset.rds
8022,8022_dataset.rds
8030,8030_dataset.rds
8049,8049_dataset.rds
8053,8053_dataset.rds
813,813_dataset.rds
81475,81475_dataset.rds
817,817_dataset.rds
81985,81985_dataset.rds
820,820_dataset.rds
82300,82300_dataset.rds
8255,8255_dataset.rds
82639,82639_dataset.rds
82692,82692_dataset.rds
82823,82823_dataset.rds
82824,82824_dataset.rds
82830,82830_dataset.rds
83192,83192_dataset.rds
83332,83332_dataset.rds
83333,83333_dataset.rds
83554,83554_dataset.rds
83555,83555_dataset.rds
83556,83556_dataset.rds
83557,83557_dataset.rds
83558,83558_dataset.rds
83559,83559_dataset.rds
83560,83560_dataset.rds
8364,8364_dataset.rds
837,837_dataset.rds
83816,83816_dataset.rds
85057,85057_dataset.rds
85543,85543_dataset.rds
85552,85552_dataset.rds
85698,85698_dataset.rds
85708,85708_dataset.rds
857571,857571_dataset.rds
85962,85962_dataset.rds
85991,85991_dataset.rds
86062,86062_dataset.rds
8616,8616_dataset.rds
8620,8620_dataset.rds
8654,8654_dataset.rds
8655,8655_dataset.rds
8656,8656_dataset.rds
8657,8657_dataset.rds
8658,8658_dataset.rds
8663,8663_dataset.rds
866344,866344_dataset.rds
8667,8667_dataset.rds
8671,8671_dataset.rds
8704,8704_dataset.rds
871647,871647_dataset.rds
8722,8722_dataset.rds
8724,8724_dataset.rds
8725,8725_dataset.rds
8726,8726_dataset.rds
8732,8732_dataset.rds
874269,874269_dataset.rds
8753,8753_dataset.rds
88085,88085_dataset.rds
88086,88086_dataset.rds
88087,88087_dataset.rds
88104,88104_dataset.rds
882102,882102_dataset.rds
89169,89169_dataset.rds
89172,89172_dataset.rds
89462,89462_dataset.rds
89586,89586_dataset.rds
9031,9031_dataset.rds
90370,90370_dataset.rds
90371,90371_dataset.rds
906885,906885_dataset.rds
909420,909420_dataset.rds
9103,9103_dataset.rds
915014,915014_dataset.rds
92050,92050_dataset.rds
92652,92652_dataset.rds
929439,929439_dataset.rds
93061,93061_dataset.rds
93062,93062_dataset.rds
933077,933077_dataset.rds
9337,9337_dataset.rds
935652,935652_dataset.rds
942513,942513_dataset.rds
943119,943119_dataset.rds
944,944_dataset.rds
94432,94432_dataset.rds
945,945_dataset.rds
947,947_dataset.rds
948,948_dataset.rds
9483,9483_dataset.rds
94966,94966_dataset.rds
94967,94967_dataset.rds
95340,95340_dataset.rds
9541,9541_dataset.rds
9544,9544_dataset.rds
9548,9548_dataset.rds
95486,95486_dataset.rds
955,955_dataset.rds
95602,95602_dataset.rds
9598,9598_dataset.rds
9606,9606_dataset_part01.rds
9606,9606_dataset_part02.rds
9606,9606_dataset_part03.rds
9606,9606_dataset_part04.rds
9606,9606_dataset_part05.rds
9606,9606_dataset_part06.rds
9606,9606_dataset_part07.rds
9606,9606_dataset_part08.rds
9606,9606_dataset_part09.rds
9606,9606_dataset_part10.rds
9606,9606_dataset_part11.rds
9606,9606_dataset_part12.rds
9606,9606_dataset_part13.rds
9606,9606_dataset_part14.rds
9606,9606_dataset_part15.rds
9606,9606_dataset_part16.rds
9606,9606_dataset_part17.rds
9606,9606_dataset_part18.rds
9606,9606_dataset_part19.rds
9606,9606_dataset_part20.rds
9606,9606_dataset_part21.rds
9606,9606_dataset_part22.rds
9615,9615_dataset.rds
9685,9685_dataset.rds
9755,9755_dataset.rds
9796,9796_dataset.rds
981087,981087_dataset.rds
9823,9823_dataset.rds
9860,9860_dataset.rds
9874,9874_dataset.rds
9913,9913_dataset.rds
992121,992121_dataset.rds
9925,9925_dataset.rds
99287,99287_dataset.rds
9940,9940_dataset.rds
99586,99586_dataset.rds
99806,99806_dataset.rds
9986,9986_dataset.rds
